"HABITAT";"SP";"ABUND025";"ABUND25";"ABUND50";"ABUND75";"ABUND90";"ABUND975";"NB_STATION_CAPTURE";"NB_STATION";"PROP_STATION_CAPTURE";"HABITAT_SP";"MIGRATION";"nb_site";"prop_site"
"Terrestre";"ACCNIS";0;0;0;0;0;0,712499999999999;1;49,5;0,0146474157773593;"Terrestre";"Long";30;0,113636363636364
"Terrestre";"ACRARU";0;0;0;0,75;1,1;1,4;1;49,5;0,0124228395061728;"Aquatique";"Long";9;0,0340909090909091
"Terrestre";"ACRMEL";0;0;0;0;0;0;0;57,5;0;"Aquatique";"Court";1;0,00378787878787879
"Terrestre";"ACRRIS";0;0;1;4;9,6;14,3125;5;49,5;0,129319955406912;"Aquatique";"Long";55;0,208333333333333
"Terrestre";"ACRSCH";0;0;0;0,75;3,9;7,8375;3;49,5;0,076095947063689;"Aquatique";"Long";45;0,170454545454545
"Terrestre";"ACRSCI";0;0;1;7,75;24,4;41,425;16,5;49,5;0,336158192090395;"Aquatique";"Long";122;0,462121212121212
"Terrestre";"ACTHYP";0;0;0;0;0;0;0;23;0;"Aquatique";"Long";2;0,00757575757575758
"Terrestre";"AEGCAU";0;0;0;2;4;6,9125;20;49,5;0,393607221812822;"Terrestre";"Court";209;0,791666666666667
"Terrestre";"ALCATT";0;0;0;0;1;2;3,5;49,5;0,0801282051282051;"Aquatique";"Court";81;0,306818181818182
"Terrestre";"ANTPRA";0;0;0;0;0;0;0;81,5;0;"Terrestre";"Court";5;0,0189393939393939
"Terrestre";"ANTRIS";0;0;0;0;0;0;0;83;0;"Terrestre";"Court";2;0,00757575757575758
"Terrestre";"ANTTRI";0;0;0;1;2,05;4,9125;4;49,5;0,0892045454545455;"Terrestre";"Long";59;0,223484848484848
"Terrestre";"APUAPU";0;0;0;0;0;0;0;67,5;0;"Terrestre";"Long";4;0,0151515151515152
"Terrestre";"ASIOTU";0;0;0;0;0;0;0;49,5;0;"Terrestre";"Court";10;0,0378787878787879
"Terrestre";"ATHNOC";0;0;0;0;0;0;0;81,5;0;"Terrestre";"Court";3;0,0113636363636364
"Terrestre";"BUTBUT";0;0;0;0;0;0;0;49,5;0;"Terrestre";"Court";7;0,0265151515151515
"Terrestre";"CAPEUR";0;0;0;0,25;1;1;1,5;81,5;0,0213909860443834;"Terrestre";"Long";17;0,0643939393939394
"Terrestre";"CARCHL";0;0;0;1,125;3;4,925;12;49,5;0,242647058823529;"Terrestre";"Court";109;0,412878787878788
"Terrestre";"CARERY";0;0;0;0;0;0;0;107;0;"Terrestre";"Court";1;0,00378787878787879
"Terrestre";"CARINA";0;0;0;2;4;5,55;8;49,5;0,143487953356769;"Terrestre";"Court";75;0,284090909090909
"Terrestre";"CARLIS";0;0;0;1;2;4;8,5;49,5;0,165686274509804;"Terrestre";"Court";103;0,390151515151515
"Terrestre";"CARMEA";1;1;1;1;1;1;1;83;0,00993605509099852;"Terrestre";"Court";3;0,0113636363636364
"Terrestre";"CARNUS";0;0;0;0;0;0;0;88,5;0;"Terrestre";"Court";5;0,0189393939393939
"Terrestre";"CERRIS";0;0;0;0;0,6;0,9;1;52;0,0125;"Terrestre";"Court";24;0,0909090909090909
"Terrestre";"CERYLA";0;0;0;1;2;3,1125;13,5;49,5;0,25;"Terrestre";"Court";187;0,708333333333333
"Terrestre";"CETCET";0;0,25;2;5;10,8;15,75;10;52;0,168421052631579;"Aquatique";"Court";69;0,261363636363636
"Terrestre";"CICLUS";0;0;0;0;0;0;0;82,5;0;"Aquatique";"Court";3;0,0113636363636364
"Terrestre";"CISJUN";0;0;0;0,375;0,95;0,9875;1;54;0,0188746438746439;"Aquatique";"Court";11;0,0416666666666667
"Terrestre";"COCTES";0;0;0;0,625;1,8;2,2625;4;49,5;0,091326105087573;"Terrestre";"Court";58;0,21969696969697
"Terrestre";"COLBUS";0;0;0;0;0,0999999999999996;0,800000000000001;1;52;0,0120481927710843;"Terrestre";"Court";30;0,113636363636364
"Terrestre";"COLLIV";0;0;0;0;0;0;0;82,5;0;"Terrestre";"Court";1;0,00378787878787879
"Terrestre";"CORFRU";0;0;0;0;0;0;0;35,5;0;"Terrestre";"Court";1;0,00378787878787879
"Terrestre";"CORONE";0;0;0;0;0;0;0;56;0;"Terrestre";"Court";6;0,0227272727272727
"Terrestre";"CUCCAN";0;0;0;0;0;0;0;52;0;"Terrestre";"Long";13;0,0492424242424242
"Terrestre";"DELURB";0;0;0;0;0;0;0;80;0;"Terrestre";"Long";6;0,0227272727272727
"Terrestre";"DENMAJ";0;0;0;1;1,8;2,2625;11;49,5;0,266956094364351;"Terrestre";"Court";177;0,670454545454545
"Terrestre";"DENMED";0;0;0;0;0;0,6625;1;49,5;0,00926005315956444;"Terrestre";"Court";28;0,106060606060606
"Terrestre";"DENMIN";0;0;0;0;0;0,975;1;49,5;0,0314144736842105;"Terrestre";"Court";56;0,212121212121212
"Terrestre";"DRYMAR";0;0;0;0;0;0;0;49,5;0;"Terrestre";"Court";19;0,071969696969697
"Terrestre";"EMBCIA";0;0;0;0;0;0;0;63,5;0;"Terrestre";"Court";3;0,0113636363636364
"Terrestre";"EMBCIR";0;0;0;1;2,15;5,125;7;57,5;0,0864890135577373;"Terrestre";"Court";56;0,212121212121212
"Terrestre";"EMBCIT";0;0;1;2;4;6,5375;14,5;49,5;0,302173913043478;"Terrestre";"Court";101;0,382575757575758
"Terrestre";"EMBSCH";0;0;0,25;2;3,9;5,425;6;49,5;0,126193001060445;"Aquatique";"Court";54;0,204545454545455
"Terrestre";"ERIRUB";0;1;3;6,5;10,2;13,325;37,5;49,5;0,742710795902285;"Terrestre";"Court";254;0,962121212121212
"Terrestre";"FALTIN";0;0;0;0;0;0;0;52;0;"Terrestre";"Court";5;0,0189393939393939
"Terrestre";"FICUCA";0;0;0;0;0;0,95;1;49,5;0,0150535236396075;"Terrestre";"Long";27;0,102272727272727
"Terrestre";"FRICOE";0;0;1;3;5;8,63750000000001;28,5;49,5;0,571428571428571;"Terrestre";"Court";206;0,78030303030303
"Terrestre";"GARGLA";0;0;0;1;1;2;8,5;49,5;0,25;"Terrestre";"Court";184;0,696969696969697
"Terrestre";"HIPICT";0;0;0;0,5;1;1;1;49,5;0,0246310331072996;"Terrestre";"Long";21;0,0795454545454545
"Terrestre";"HIPPOL";0;0;1,75;5,5;11;17,8625;22,5;49,5;0,39187643020595;"Terrestre";"Long";161;0,609848484848485
"Terrestre";"HIRRUP";0;0;0;0;0;0;0;85;0;"Terrestre";"Court";1;0,00378787878787879
"Terrestre";"HIRRUS";0;0;0;0;1;1,4375;3;49,5;0,0366413067800403;"Terrestre";"Long";56;0,212121212121212
"Terrestre";"IXOMIN";0;0;0;0;0;0;0;56;0;"Aquatique";"Long";2;0,00757575757575758
"Terrestre";"JYNTOR";0;0;0;0;0;0,75;1;52;0,010752688172043;"Terrestre";"Long";22;0,0833333333333333
"Terrestre";"LANMER";0;0;0;0;0;0;0;85;0;"Terrestre";"Court";1;0,00378787878787879
"Terrestre";"LANRIO";0;0;0;1;2,65;4,65;7,5;49,5;0,125;"Terrestre";"Long";57;0,215909090909091
"Terrestre";"LANSEN";0;0;0;0;0;0;0;81,5;0;"Terrestre";"Long";3;0,0113636363636364
"Terrestre";"LOCLUS";0;0;0;0;0;0;0;49,5;0;"Aquatique";"Long";8;0,0303030303030303
"Terrestre";"LOCNAE";0;0;0;0;1,25;2,475;3;49,5;0,0710084033613445;"Aquatique";"Long";55;0,208333333333333
"Terrestre";"LOXCUR";0,0125;0,125;0,25;0,75;0,9;0,975;1;81,5;0,0108111266947172;"Terrestre";"Court";3;0,0113636363636364
"Terrestre";"LULARB";0;0;0;0;0,5;0,875;1;56;0,00917431192660551;"Terrestre";"Court";12;0,0454545454545455
"Terrestre";"LUSMEG";0;0;2;6;14,05;21,4625;23;49,5;0,509259259259259;"Terrestre";"Long";181;0,685606060606061
"Terrestre";"LUSSVE";0;0;0;1;2,5;6,025;2;49,5;0,0363649720834558;"Aquatique";"Long";22;0,0833333333333333
"Terrestre";"MERAPI";0;0;0;0;0;0;0;57,5;0;"Terrestre";"Long";1;0,00378787878787879
"Terrestre";"MILCAL";0;0;0;0;0,85;1,3375;1;54;0,0124228395061728;"Terrestre";"Court";11;0,0416666666666667
"Terrestre";"MOTALB";0;0;0;0;0,6;0,9625;1;49,5;0,0215409163437429;"Terrestre";"Court";35;0,132575757575758
"Terrestre";"MOTCIN";0;0;0;0;0;0;0;54;0;"Terrestre";"Court";18;0,0681818181818182
"Terrestre";"MOTFLA";0;0;0;0;0;0;0;49,5;0;"Terrestre";"Long";7;0,0265151515151515
"Terrestre";"MUSSTR";0;0;0;0;1;2;4;49,5;0,0989130434782609;"Terrestre";"Long";73;0,276515151515151
"Terrestre";"OENOEN";0;0;0;0;0;0;0;81;0;"Terrestre";"Long";4;0,0151515151515152
"Terrestre";"ORIORI";0;0;0;0;0,5;0,875;1;49,5;0,0188746438746439;"Terrestre";"Long";25;0,0946969696969697
"Terrestre";"OTUSCO";0;0;0;0;0;0;0;88,5;0;"Terrestre";"Long";5;0,0189393939393939
"Terrestre";"PANBIA";0;0;0;0;0;0;0;88,5;0;"Aquatique";"Court";1;0,00378787878787879
"Terrestre";"PAPALU";0;0;0;1;2;3;10,5;49,5;0,260869565217391;"Terrestre";"Court";150;0,568181818181818
"Terrestre";"PARATE";0;0;0;0;0,700000000000001;1;1;52;0,0185185185185185;"Terrestre";"Court";29;0,109848484848485
"Terrestre";"PARCAE";0;0;1;2,375;4;6;30;49,5;0,604347826086957;"Terrestre";"Court";243;0,920454545454545
"Terrestre";"PARCRI";0;0;0;0,75;1;2;3,5;49,5;0,0967511371020143;"Terrestre";"Court";87;0,329545454545455
"Terrestre";"PARMAJ";0;1;3;5;7;10,0375;37;49,5;0,833223684210526;"Terrestre";"Court";259;0,981060606060606
"Terrestre";"PARNUS";0;0;1;1,25;2,5;3,75;6;49,5;0,141381766381766;"Terrestre";"Court";53;0,200757575757576
"Terrestre";"PASDOM";0;0;1;3;7,55;13,95;11,5;49,5;0,213025210084034;"Terrestre";"Court";89;0,337121212121212
"Terrestre";"PASMON";0;0;0;0;0;0;0;49,5;0;"Terrestre";"Court";10;0,0378787878787879
"Terrestre";"PETPET";0;0;0;0;0;0;0;57,5;0;"Terrestre";"Court";1;0,00378787878787879
"Terrestre";"PHOOCH";0;0;0;0;0,699999999999999;1,3;2;49,5;0,0421052631578947;"Terrestre";"Court";66;0,25
"Terrestre";"PHOPHO";0;0;0;0;1;2,875;2,5;49,5;0,0727299441669115;"Terrestre";"Long";61;0,231060606060606
"Terrestre";"PHYBON";0;0;0;1;2,3;4,775;3;59;0,0493827160493827;"Terrestre";"Long";29;0,109848484848485
"Terrestre";"PHYCOL";0;2;4;8;12,35;18,875;35;49,5;0,818306636155606;"Terrestre";"Court";247;0,935606060606061
"Terrestre";"PHYLUS";0;0;0;3;6,3;11,2;11,5;49,5;0,310096153846154;"Terrestre";"Long";126;0,477272727272727
"Terrestre";"PHYSIB";0;0;0;0;0;0;0;49,5;0;"Terrestre";"Long";17;0,0643939393939394
"Terrestre";"PICDIS";0;0;0;0,5;1;1,4375;6,5;49,5;0,123475609756098;"Terrestre";"Court";106;0,401515151515151
"Terrestre";"PICPIC";0;0;0;0;0,45;0,9125;1;49,5;0,0177338355304457;"Terrestre";"Court";23;0,0871212121212121
"Terrestre";"PRUMOD";0;1;3;6;9,15;12,3125;30,5;49,5;0,688545150501672;"Terrestre";"Court";216;0,818181818181818
"Terrestre";"PYRULA";0;0;1,5;3;5,3;7,5375;15;49,5;0,332301401869159;"Terrestre";"Court";129;0,488636363636364
"Terrestre";"RALAQU";0;0;0;0;0;0;0;82,5;0;"Aquatique";"Court";4;0,0151515151515152
"Terrestre";"REGIGN";0;0;0;0;0,8;1;1;49,5;0,031929347826087;"Terrestre";"Court";44;0,166666666666667
"Terrestre";"REGREG";0;0;0;0;0;0,65;1;49,5;0,0121323529411765;"Terrestre";"Court";47;0,178030303030303
"Terrestre";"REMPEN";0;0;0;0;0;0;0;45,5;0;"Aquatique";"Long";2;0,00757575757575758
"Terrestre";"RIPRIP";0,0249999999999999;0,25;0,5;1;1;1;1;83;0,00934579439252336;"Terrestre";"Long";3;0,0113636363636364
"Terrestre";"SAXRUB";0;0;0;0;0;0;0;54;0;"Terrestre";"Long";12;0,0454545454545455
"Terrestre";"SAXTOR";0;0;0;0,75;1,55;3,075;5;49,5;0,0793278819305943;"Terrestre";"Court";57;0,215909090909091
"Terrestre";"SERLLA";7;7;7;7;7;7;1;85;0,0117647058823529;"Terrestre";"Court";1;0,00378787878787879
"Terrestre";"SERSER";0;0;0;0;1;2;2;52;0,0434782608695652;"Terrestre";"Court";39;0,147727272727273
"Terrestre";"SITEUR";0;0;0;0;1;1,9875;3,5;49,5;0,115095489638358;"Terrestre";"Court";109;0,412878787878788
"Terrestre";"STRALU";0;0;0;0;0;0;0;57,5;0;"Terrestre";"Court";9;0,0340909090909091
"Terrestre";"STRCTO";0;0;0;0;0;0;0;45,5;0;"Terrestre";"Court";4;0,0151515151515152
"Terrestre";"STRTUR";0;0;0;0;0,95;1;1,5;49,5;0,0360411899313501;"Terrestre";"Long";37;0,140151515151515
"Terrestre";"STUVUL";0;0;0;0;1;2;3;49,5;0,084788189987163;"Terrestre";"Court";73;0,276515151515151
"Terrestre";"SYLALA";0;0;0;1;1;1;1;59;0,0125;"Terrestre";"Court";14;0,053030303030303
"Terrestre";"SYLATR";0;5,875;11;20,5;29,45;44,4125;46;49,5;0,948935245545415;"Terrestre";"Court";257;0,973484848484849
"Terrestre";"SYLBOR";0;0;2;5,5;8,75;13,4;27,5;49,5;0,577618164967562;"Terrestre";"Long";195;0,738636363636364
"Terrestre";"SYLCAN";0;0;0;0,875;1,7;2,3;2;54;0,0245408009635652;"Terrestre";"Long";20;0,0757575757575758
"Terrestre";"SYLCOM";0;0;1,5;7;13,15;22,95;21,5;49,5;0,412404092071611;"Terrestre";"Long";158;0,598484848484849
"Terrestre";"SYLCUR";0;0;1;2,375;4,35;6,3;7;49,5;0,177248677248677;"Terrestre";"Long";64;0,242424242424242
"Terrestre";"SYLHOR";0,1;1;2,5;3,5;3,9;3,975;2;81,5;0,0289473684210526;"Terrestre";"Long";9;0,0340909090909091
"Terrestre";"SYLSAR";2;2;2;2;2;2;1;76;0,0131578947368421;"Terrestre";"Long";1;0,00378787878787879
"Terrestre";"SYLUND";0;0;0;0,5;1;1;2;82;0,021505376344086;"Terrestre";"Court";18;0,0681818181818182
"Terrestre";"TRITOT";0;0;0;0;0;0;0;81;0;"Aquatique";"Court";1;0,00378787878787879
"Terrestre";"TROTRO";0;0;1;3;5;7,3625;23;49,5;0,533596837944664;"Terrestre";"Court";230;0,871212121212121
"Terrestre";"TURMER";0;4;7;12,125;19,05;21,5875;45,5;49,5;0,934456598447424;"Terrestre";"Court";260;0,984848484848485
"Terrestre";"TURPHI";0;0;1;3;5;8,45;27;49,5;0,613942307692308;"Terrestre";"Court";230;0,871212121212121
"Terrestre";"TURPIL";0;0;0;0;0;0;0;54;0;"Terrestre";"Court";10;0,0378787878787879
"Terrestre";"TURTOR";0,0249999999999999;0,25;0,5;0,75;0,9;0,975;1;82;0,00934579439252336;"Terrestre";"Long";3;0,0113636363636364
"Terrestre";"TURVIS";0;0;0;0,125;1;1,975;2,5;57,5;0,0364209130098375;"Terrestre";"Court";43;0,162878787878788
"Terrestre";"TYTALB";0;0;0;0;0;0;0;52;0;"Terrestre";"Court";1;0,00378787878787879
"Terrestre";"UPUEPO";0;0;0;0;0,65;0,9125;1;54;0,0114359974009097;"Terrestre";"Long";8;0,0303030303030303
"STOC-rozo";"ACRAGR";0;0;0;0;0;0;0;12;0;"Aquatique";"Court";1;0,027027027027027
"STOC-rozo";"ACRARU";0;0;0;1,625;2,9;3,725;1;11;0,153846153846154;"Aquatique";"Long";9;0,243243243243243
"STOC-rozo";"ACRMEL";0,5125;0,625;0,75;0,875;0,95;0,9875;1;11;0,111111111111111;"Aquatique";"Court";2;0,0540540540540541
"STOC-rozo";"ACRRIS";0;0,125;1;2,125;2,9;3,625;4;11;0,384615384615385;"Aquatique";"Long";18;0,486486486486487
"STOC-rozo";"ACRSCH";0;1;5,5;11,5;16,75;22,225;7;11;0,666666666666667;"Aquatique";"Long";33;0,891891891891892
"STOC-rozo";"ACRSCI";12,3375;22,625;31;39;48,5;54,0875;11;11;1;"Aquatique";"Long";36;0,972972972972973
"STOC-rozo";"AEGCAU";0;0;0;0;0,6;0,9;1;12;0,0769230769230769;"Terrestre";"Court";13;0,351351351351351
"STOC-rozo";"ALCATT";0;0;0;0;0,15;0,4125;0,5;11;0,0384615384615385;"Aquatique";"Court";14;0,378378378378378
"STOC-rozo";"ANTPRA";0;0;0;0;0;0;0;12,5;0;"Terrestre";"Court";1;0,027027027027027
"STOC-rozo";"APUAPU";0;0;0;0;0;0;0;12;0;"Terrestre";"Long";2;0,0540540540540541
"STOC-rozo";"CARCHL";0;0;0;0;0;0;0;11;0;"Terrestre";"Court";7;0,189189189189189
"STOC-rozo";"CARINA";0;0;0;0;0;0;0;11;0;"Terrestre";"Court";7;0,189189189189189
"STOC-rozo";"CARLIS";0;0;0;0;0;0;0;11;0;"Terrestre";"Court";7;0,189189189189189
"STOC-rozo";"CERYLA";0;0;0;0;0;0;0;12;0;"Terrestre";"Court";11;0,297297297297297
"STOC-rozo";"CETCET";0;0;0;1;2,3;3,575;3;11;0,333333333333333;"Aquatique";"Court";26;0,702702702702703
"STOC-rozo";"CISJUN";0;0;0;0;0;0;0;12;0;"Aquatique";"Court";5;0,135135135135135
"STOC-rozo";"COCTES";0;0;0;0;0;0;0;11,5;0;"Terrestre";"Court";1;0,027027027027027
"STOC-rozo";"CUCCAN";0;0;0;0;0;0;0;13;0;"Terrestre";"Long";1;0,027027027027027
"STOC-rozo";"DELURB";0;0;0;0;0;0;0;12;0;"Terrestre";"Long";2;0,0540540540540541
"STOC-rozo";"DENMAJ";0;0;0;0;0;0;0;12;0;"Terrestre";"Court";7;0,189189189189189
"STOC-rozo";"EMBCIR";0;0;0;0;0;0;0;12;0;"Terrestre";"Court";1;0,027027027027027
"STOC-rozo";"EMBCIT";0;0;0;0,25;0,7;0,925;1;12;0,0769230769230769;"Terrestre";"Court";5;0,135135135135135
"STOC-rozo";"EMBSCH";0,2875;2,125;4;6,25;8,2;9,825;9;11;0,881410256410256;"Aquatique";"Court";33;0,891891891891892
"STOC-rozo";"ERIRUB";0;0;0;0;1;1;1;11;0,0833333333333333;"Terrestre";"Court";21;0,567567567567568
"STOC-rozo";"FRICOE";0;0;0,5;0,75;0,9;0,975;1;12;0,0769230769230769;"Terrestre";"Court";7;0,189189189189189
"STOC-rozo";"GARGLA";0;0;0;0;0;0;0;12;0;"Terrestre";"Court";6;0,162162162162162
"STOC-rozo";"HIPPOL";0;0;0;0;0,4;0,85;1;12;0,0769230769230769;"Terrestre";"Long";14;0,378378378378378
"STOC-rozo";"HIRRUS";0;0;0;0;0,399999999999999;0,85;1;11;0,0801282051282051;"Terrestre";"Long";20;0,540540540540541
"STOC-rozo";"IXOMIN";0;0;0;0;0;0;0;12;0;"Aquatique";"Long";4;0,108108108108108
"STOC-rozo";"JYNTOR";0;0;0;0;0;0;0;12;0;"Terrestre";"Long";2;0,0540540540540541
"STOC-rozo";"LANRIO";0;0;0;0;0;0;0;12;0;"Terrestre";"Long";5;0,135135135135135
"STOC-rozo";"LOCLUS";0;0;0;1,625;3,05;3,3875;2,5;11;0,307692307692308;"Aquatique";"Long";16;0,432432432432432
"STOC-rozo";"LOCNAE";0;0;0;0,625;1,95;2,8125;1,5;11;0,211111111111111;"Aquatique";"Long";19;0,513513513513513
"STOC-rozo";"LUSMEG";0;0;0;0;0;0;0;11;0;"Terrestre";"Long";12;0,324324324324324
"STOC-rozo";"LUSSVE";0,2;1,625;2,75;5;8,2;9,2125;6;11;0,6;"Aquatique";"Long";21;0,567567567567568
"STOC-rozo";"MERAPI";0,5;0,5;0,5;0,5;0,5;0,5;0,5;11;0,0384615384615385;"Terrestre";"Long";1;0,027027027027027
"STOC-rozo";"MOTALB";0;0;0;0;0;0;0;12;0;"Terrestre";"Court";6;0,162162162162162
"STOC-rozo";"MOTFLA";0;0;1;1,5;2,8;3,325;2;12;0,226495726495726;"Terrestre";"Long";8;0,216216216216216
"STOC-rozo";"MUSSTR";0;0;0;0;0;0;0;13;0;"Terrestre";"Long";1;0,027027027027027
"STOC-rozo";"PANBIA";0;0,25;6,25;21,5;28,65;32,85;3;12;0,230769230769231;"Aquatique";"Court";9;0,243243243243243
"STOC-rozo";"PAPALU";0;0;0;0;0;0;0;12;0;"Terrestre";"Court";4;0,108108108108108
"STOC-rozo";"PARCAE";0;0;0,5;1,375;2,55;3,825;4,5;11;0,44949494949495;"Terrestre";"Court";29;0,783783783783784
"STOC-rozo";"PARMAJ";0;0;0;0;1;1,5875;2;11;0,174242424242424;"Terrestre";"Court";27;0,72972972972973
"STOC-rozo";"PARNUS";0;0;0;0;0;0;0;11;0;"Terrestre";"Court";7;0,189189189189189
"STOC-rozo";"PASDOM";0;0;0;0;0;0;0;11;0;"Terrestre";"Court";8;0,216216216216216
"STOC-rozo";"PASMON";0,0125;0,125;0,25;0,375;0,45;0,4875;0,5;11;0,0555555555555556;"Terrestre";"Court";2;0,0540540540540541
"STOC-rozo";"PHOPHO";0;0;0;0;0;0;0;12;0;"Terrestre";"Long";1;0,027027027027027
"STOC-rozo";"PHYCOL";0;0;0;1,375;3;4,375;4;11;0,333333333333333;"Terrestre";"Court";29;0,783783783783784
"STOC-rozo";"PHYLUS";0;0;0;0,875;1,3;1,825;1;11;0,111111111111111;"Terrestre";"Long";13;0,351351351351351
"STOC-rozo";"PORANA";0;0;0;0;0;0;0;12;0;"Aquatique";"Long";2;0,0540540540540541
"STOC-rozo";"PRUMOD";0;0;0;1;2;2,8375;2;11;0,230769230769231;"Terrestre";"Court";24;0,648648648648649
"STOC-rozo";"PYRULA";0;0;0;0;0;0;0;11;0;"Terrestre";"Court";8;0,216216216216216
"STOC-rozo";"RALAQU";0;0;0;0;0;0;0;11;0;"Aquatique";"Court";7;0,189189189189189
"STOC-rozo";"REGIGN";0;0;0;0;0;0;0;12;0;"Terrestre";"Court";1;0,027027027027027
"STOC-rozo";"REGREG";0;0;0;0;0;0;0;12;0;"Terrestre";"Court";2;0,0540540540540541
"STOC-rozo";"RIPRIP";0;0;0;0;0;0;0;11;0;"Terrestre";"Long";8;0,216216216216216
"STOC-rozo";"SAXRUB";0;0;0;0;0;0;0;12;0;"Terrestre";"Long";5;0,135135135135135
"STOC-rozo";"SAXTOR";0;0;0;0;0;0;0;12;0;"Terrestre";"Court";10;0,27027027027027
"STOC-rozo";"SITEUR";0;0;0;0;0;0;0;12;0;"Terrestre";"Court";1;0,027027027027027
"STOC-rozo";"STRTUR";0;0;0;0;0;0;0;10;0;"Terrestre";"Long";1;0,027027027027027
"STOC-rozo";"STUVUL";0;0;0;0;0;0;0;11;0;"Terrestre";"Court";9;0,243243243243243
"STOC-rozo";"SYLATR";0;0;0;1;1,8;4,275;3;11;0,278846153846154;"Terrestre";"Court";26;0,702702702702703
"STOC-rozo";"SYLBOR";0;0;0;0;0,85;1;1;11;0,153846153846154;"Terrestre";"Long";21;0,567567567567568
"STOC-rozo";"SYLCOM";0;0;0;0;1;1,25;1,5;11;0,139423076923077;"Terrestre";"Long";23;0,621621621621622
"STOC-rozo";"SYLCUR";0;0;0;0;0;0;0;12,5;0;"Terrestre";"Long";1;0,027027027027027
"STOC-rozo";"TROTRO";0;0;0;0;0,7;0,975;1;11;0,0833333333333333;"Terrestre";"Court";19;0,513513513513513
"STOC-rozo";"TURMER";0;0;0;1;2,05;3,0375;4;11;0,379807692307692;"Terrestre";"Court";29;0,783783783783784
"STOC-rozo";"TURPHI";0;0;0;0,125;0,9;0,9875;1;11;0,125;"Terrestre";"Court";19;0,513513513513513
"STOC-rozo";"TURVIS";0;0;0;0;0;0;0;10,5;0;"Terrestre";"Court";1;0,027027027027027
"Aquatique";"ACRAGR";0;0;0;0;0;0;0;2;0;"Aquatique";"Court";1;0,0909090909090909
"Aquatique";"ACRARU";0;0;0;0;0;0;0;4;0;"Aquatique";"Long";2;0,181818181818182
"Aquatique";"ACRRIS";0,15;1;3;5;7,2;8;3;4;0,777777777777778;"Aquatique";"Long";11;1
"Aquatique";"ACRSCH";1,35;9,25;13;18;21,6;23,4;3;4;0,75;"Aquatique";"Long";11;1
"Aquatique";"ACRSCI";23,875;31;38;43,5;48,1;50,2;4;4;1;"Aquatique";"Long";11;1
"Aquatique";"AEGCAU";0;0;0;0;0;0;0;4;0;"Terrestre";"Court";6;0,545454545454545
"Aquatique";"ALCATT";0;0;0;0;0;0;0;4;0;"Aquatique";"Court";4;0,363636363636364
"Aquatique";"ANTPRA";0;0;0;0;0;0;0;4;0;"Terrestre";"Court";4;0,363636363636364
"Aquatique";"ASIOTU";0;0;0;0;0;0;0;4;0;"Terrestre";"Court";1;0,0909090909090909
"Aquatique";"CARCHL";0;0;0;0;0;0;0;4;0;"Terrestre";"Court";5;0,454545454545455
"Aquatique";"CARINA";0;0;0;0;0,8;0,95;1;4;0,111111111111111;"Terrestre";"Court";5;0,454545454545455
"Aquatique";"CARLIS";0;0;0;0;0;0;0;4;0;"Terrestre";"Court";4;0,363636363636364
"Aquatique";"CERYLA";0;0;0;0;0;0;0;4;0;"Terrestre";"Court";7;0,636363636363636
"Aquatique";"CETCET";0,1;1;1;2;2,6;2,9;2;4;0,5;"Aquatique";"Court";9;0,818181818181818
"Aquatique";"CISJUN";1;1;1;1;1;1;1;8;0,111111111111111;"Aquatique";"Court";1;0,0909090909090909
"Aquatique";"CUCCAN";0;0;0;0;0;0;0;4;0;"Terrestre";"Long";2;0,181818181818182
"Aquatique";"DELURB";0;0;0;0;0;0;0;4;0;"Terrestre";"Long";1;0,0909090909090909
"Aquatique";"DENMAJ";0;0;0;0;0;0;0;4;0;"Terrestre";"Court";5;0,454545454545455
"Aquatique";"EMBCIR";0;0;0;0;0;0;0;4;0;"Terrestre";"Court";1;0,0909090909090909
"Aquatique";"EMBCIT";0;0;0;0;0;0;0;6;0;"Terrestre";"Court";2;0,181818181818182
"Aquatique";"EMBSCH";1,3;4;5;7;8,2;8,8;3;4;0,75;"Aquatique";"Court";10;0,909090909090909
"Aquatique";"ERIRUB";0;0;0;0;0;0;0;4;0;"Terrestre";"Court";8;0,727272727272727
"Aquatique";"FRICOE";0;0;0;0;0;0;0;4;0;"Terrestre";"Court";3;0,272727272727273
"Aquatique";"GALCHL";0;0;0;0;0;0;0;4;0;"Aquatique";"Court";2;0,181818181818182
"Aquatique";"GARGLA";0;0;0;0;0;0;0;4;0;"Terrestre";"Court";3;0,272727272727273
"Aquatique";"HIPICT";0;0;0;0;0;0;0;2;0;"Terrestre";"Long";1;0,0909090909090909
"Aquatique";"HIPPOL";0;0;0;0;0,6;0,9;1;4;0,2;"Terrestre";"Long";9;0,818181818181818
"Aquatique";"HIRRUS";0;0;0;0,5;0,9;0,975;1;4;0,166666666666667;"Terrestre";"Long";8;0,727272727272727
"Aquatique";"LOCLUS";0;0;0;0;0;0;0;4;0;"Aquatique";"Long";5;0,454545454545455
"Aquatique";"LOCNAE";0;0;0;1;1;1;1;4;0,25;"Aquatique";"Long";8;0,727272727272727
"Aquatique";"LUSMEG";0;0;0;0,75;0,9;0,975;1;4;0,25;"Terrestre";"Long";7;0,636363636363636
"Aquatique";"LUSSVE";0;0;1;4;5;5;1;4;0,5;"Aquatique";"Long";9;0,818181818181818
"Aquatique";"MOTALB";0;0;0;0,5;0,8;0,95;1;4;0,166666666666667;"Terrestre";"Court";5;0,454545454545455
"Aquatique";"MOTFLA";0;0;0;0;0;0;0;4,5;0;"Terrestre";"Long";3;0,272727272727273
"Aquatique";"MUSSTR";0;0;0;0;0;0;0;4;0;"Terrestre";"Long";2;0,181818181818182
"Aquatique";"PANBIA";0;0;0,25;0,75;0,9;0,975;1;4;0,138888888888889;"Aquatique";"Court";5;0,454545454545455
"Aquatique";"PAPALU";0;0;0;0;0;0;0;4;0;"Terrestre";"Court";4;0,363636363636364
"Aquatique";"PARCAE";0;0,25;1;1,5;1,8;1,95;2;4;0,555555555555556;"Terrestre";"Court";10;0,909090909090909
"Aquatique";"PARCRI";0;0;0;0;0;0;0;4;0;"Terrestre";"Court";3;0,272727272727273
"Aquatique";"PARMAJ";0;0;0,5;1;1,6;1,9;2;4;0,5;"Terrestre";"Court";10;0,909090909090909
"Aquatique";"PARNUS";0;0;0;0;0;0;0;4;0;"Terrestre";"Court";2;0,181818181818182
"Aquatique";"PASDOM";0;0;0;0;0;0;0;4;0;"Terrestre";"Court";2;0,181818181818182
"Aquatique";"PASMON";0;0;0;0;0;0;0;4;0;"Terrestre";"Court";1;0,0909090909090909
"Aquatique";"PHOPHO";0;0;0;0;0;0;0;7;0;"Terrestre";"Long";1;0,0909090909090909
"Aquatique";"PHYCOL";0;0;1;2,5;3,4;3,85;2;4;0,5;"Terrestre";"Court";10;0,909090909090909
"Aquatique";"PHYLUS";0,0999999999999996;1;2;2;2;2;1;4;0,25;"Terrestre";"Long";6;0,545454545454545
"Aquatique";"PICDIS";0;0;0;0;0;0;0;7;0;"Terrestre";"Court";1;0,0909090909090909
"Aquatique";"PICPIC";0;0;0;0;0;0;0;6;0;"Terrestre";"Court";1;0,0909090909090909
"Aquatique";"PRUMOD";0;0;0;1;1;1;1;4;0,25;"Terrestre";"Court";9;0,818181818181818
"Aquatique";"PYRULA";0;0;0;0;0;0;0;4;0;"Terrestre";"Court";5;0,454545454545455
"Aquatique";"RIPRIP";0;0;0;0;0;0;0;4,5;0;"Terrestre";"Long";2;0,181818181818182
"Aquatique";"SAXRUB";0;0;0;0;0;0;0;4;0;"Terrestre";"Long";1;0,0909090909090909
"Aquatique";"SAXTOR";0;0;0;0;0;0;0;4;0;"Terrestre";"Court";6;0,545454545454545
"Aquatique";"STUVUL";0;0;0;0;0;0;0;4;0;"Terrestre";"Court";7;0,636363636363636
"Aquatique";"SYLATR";0,2;1,25;1,5;2,5;3,4;3,85;2;4;0,6;"Terrestre";"Court";9;0,818181818181818
"Aquatique";"SYLBOR";0;0;0;1;1;1;1;4;0,25;"Terrestre";"Long";8;0,727272727272727
"Aquatique";"SYLCOM";0,05;0,5;1;2;2,4;2,85;2;4;0,5;"Terrestre";"Long";9;0,818181818181818
"Aquatique";"SYLCUR";0;0;0;0,125;0,35;0,4625;0,5;4;0,0555555555555556;"Terrestre";"Long";5;0,454545454545455
"Aquatique";"TROTRO";0;0;0;0;0,6;0,9;1;4;0,111111111111111;"Terrestre";"Court";8;0,727272727272727
"Aquatique";"TURMER";0,15;1;2;3,25;4;4,7;2;4;0,8;"Terrestre";"Court";11;1
"Aquatique";"TURPHI";0;0;0;1;1;1;1;4;0,25;"Terrestre";"Court";9;0,818181818181818
